Pillar,Task,Quarter,Start Week,End Week,Duration (weeks),Sprint,Owner,Priority,Dependencies,Deliverables,Status
1. Data & Integration,Data source audit & requirements gathering,Q1,1,1,1,1,Data Engineer,Critical,,Data source inventory and API documentation,Not Started
1. Data & Integration,POS integration - API connection setup,Q1,2,2,1,1,Data Engineer,Critical,Week 1,POS API connected with read-only access,Not Started
1. Data & Integration,POS integration - historical data backfill,Q1,3,3,1,2,Data Engineer,Critical,Week 2,2 years of sales data in warehouse,Not Started
1. Data & Integration,Foot traffic sensor integration,Q1,4,4,1,2,Data Engineer,Critical,,Real-time traffic data pipeline,Not Started
1. Data & Integration,HRIS/scheduling system integration,Q1,5,5,1,3,Data Engineer,High,Week 4,Employee and shift data connected,Not Started
1. Data & Integration,External data sources (weather/events),Q1,6,6,1,3,Data Engineer,Medium,,Weather and events data integrated,Not Started
1. Data & Integration,Data quality framework setup,Q1,7,7,1,4,Data Engineer,High,Week 3,Automated data validation rules,Not Started
1. Data & Integration,Real-time data pipeline development,Q1,8,9,2,4-5,Data Engineer,Critical,Week 7,Streaming data ingestion operational,Not Started
1. Data & Integration,Data warehouse design & setup,Q1,10,10,1,5,Data Engineer,Critical,Week 3,PostgreSQL/Snowflake warehouse live,Not Started
1. Data & Integration,ETL pipeline development,Q1,11,11,1,6,Data Engineer,Critical,Week 10,Automated ETL jobs scheduled,Not Started
1. Data & Integration,Data governance & security,Q1,12,12,1,6,Data Engineer,High,Week 10,RBAC and audit logging implemented,Not Started
1. Data & Integration,Integration testing & documentation,Q1,13,13,1,6,Data Engineer,High,Week 11,End-to-end data flow validated,Not Started
1. Data & Integration,Advanced external data integration,Q4,40,41,2,20,Data Engineer,Low,Week 13,Additional data sources connected,Not Started
1. Data & Integration,Advanced data quality monitoring,Q4,42,42,1,21,Data Engineer,Medium,Week 40,ML-based anomaly detection,Not Started
1. Data & Integration,Data governance compliance (GDPR),Q4,43,44,2,21-22,Data Engineer,High,Week 12,GDPR compliance certified,Not Started
2. Forecasting & Intelligence,Historical data analysis,Q1,1,1,1,1,ML Engineer,Critical,Week 1 Data,2 years traffic patterns analyzed,Not Started
2. Forecasting & Intelligence,Feature engineering,Q1,2,2,1,1,ML Engineer,Critical,Week 1,Time/lag/external features created,Not Started
2. Forecasting & Intelligence,Baseline model development,Q1,3,3,1,2,ML Engineer,High,Week 2,Moving average baseline established,Not Started
2. Forecasting & Intelligence,XGBoost model development,Q1,4,5,2,2-3,ML Engineer,Critical,Week 3,XGBoost model trained and tuned,Not Started
2. Forecasting & Intelligence,Conversion lift model development,Q1,6,8,3,3-4,ML Engineer,Critical,Week 5,STA ratio â†’ CR model calibrated,Not Started
2. Forecasting & Intelligence,LSTM model development,Q2,14,16,3,7-8,ML Engineer,High,Week 5,Time series LSTM trained,Not Started
2. Forecasting & Intelligence,Ensemble model creation,Q2,17,18,2,8-9,ML Engineer,High,Week 16,XGBoost + LSTM ensemble optimized,Not Started
2. Forecasting & Intelligence,Model deployment pipeline,Q2,19,20,2,9-10,ML Engineer,Critical,Week 18,Models containerized and deployed,Not Started
2. Forecasting & Intelligence,Model monitoring & drift detection,Q2,21,22,2,10-11,ML Engineer,High,Week 20,Accuracy tracking and drift alerts,Not Started
2. Forecasting & Intelligence,Store-specific model tuning,Q2,23,26,4,11-13,ML Engineer,Medium,Week 22,Per-store model calibration,Not Started
2. Forecasting & Intelligence,Reinforcement learning implementation,Q4,40,43,4,20-21,ML Engineer,Low,Week 26,Learning from outcomes automated,Not Started
2. Forecasting & Intelligence,Advanced anomaly detection,Q4,44,46,3,22-23,ML Engineer,Medium,Week 43,Traffic anomaly alerts operational,Not Started
2. Forecasting & Intelligence,What-if scenario modeling,Q4,47,49,3,23-24,ML Engineer,Low,Week 46,Scenario planning tool built,Not Started
3. Staffing & Scheduling,Scheduling requirements gathering,Q2,14,14,1,7,Backend Engineer,Critical,,Constraints and requirements documented,Not Started
3. Staffing & Scheduling,Employee data model design,Q2,15,15,1,7,Backend Engineer,Critical,Week 14,Database schema designed,Not Started
3. Staffing & Scheduling,Auto-scheduling algorithm - baseline,Q2,16,16,1,8,Backend Engineer,Critical,Week 15,Basic schedule generator working,Not Started
3. Staffing & Scheduling,Auto-scheduling algorithm - constraints,Q2,17,18,2,8-9,Backend Engineer,Critical,Week 16,Labor law compliance implemented,Not Started
3. Staffing & Scheduling,Auto-scheduling algorithm - optimization,Q2,19,20,2,9-10,Backend Engineer,High,Week 18,Cost and skill optimization added,Not Started
3. Staffing & Scheduling,Schedule generation UI,Q2,21,22,2,10-11,Frontend Engineer,Critical,Week 20,Drag-and-drop schedule editor,Not Started
3. Staffing & Scheduling,Schedule approval workflow,Q2,23,23,1,11,Backend Engineer,High,Week 22,Manager approval process built,Not Started
3. Staffing & Scheduling,Employee availability management,Q2,24,24,1,12,Frontend Engineer,High,Week 23,Employee portal for availability,Not Started
3. Staffing & Scheduling,Shift marketplace (swap/cover),Q3,27,28,2,14,Backend Engineer,Medium,Week 24,Shift swap system operational,Not Started
3. Staffing & Scheduling,Mobile schedule access,Q3,29,30,2,14-15,Frontend Engineer,High,Week 28,Mobile-responsive schedule views,Not Started
3. Staffing & Scheduling,Schedule publishing & distribution,Q2,25,25,1,12,Backend Engineer,High,Week 24,Email/calendar integration working,Not Started
3. Staffing & Scheduling,Payroll integration,Q3,31,33,3,15-16,Backend Engineer,High,Week 25,Timecard export to payroll systems,Not Started
3. Staffing & Scheduling,Schedule analytics,Q3,34,35,2,17,Backend Engineer,Medium,Week 33,Schedule adherence tracking,Not Started
3. Staffing & Scheduling,Testing & refinement,Q2,26,26,1,13,QA Engineer,High,Week 25,UAT with store managers complete,Not Started
4. UI/UX & Visualization,User research & persona development,Q2,14,14,1,7,UX Designer,Critical,,User personas and journeys mapped,Not Started
4. UI/UX & Visualization,Information architecture,Q2,15,15,1,7,UX Designer,Critical,Week 14,Sitemap and navigation structure,Not Started
4. UI/UX & Visualization,Wireframing (low-fidelity),Q2,16,16,1,8,UX Designer,Critical,Week 15,Key screen wireframes complete,Not Started
4. UI/UX & Visualization,Design system creation,Q2,17,17,1,8,UX Designer,Critical,Week 16,Component library and tokens defined,Not Started
4. UI/UX & Visualization,High-fidelity mockups - Manager view,Q2,18,18,1,9,UX Designer,Critical,Week 17,Manager dashboard designs complete,Not Started
4. UI/UX & Visualization,High-fidelity mockups - Executive view,Q2,19,19,1,9,UX Designer,Critical,Week 18,Executive KPI dashboard designs,Not Started
4. UI/UX & Visualization,Prototype & user testing,Q2,20,20,1,10,UX Designer,High,Week 19,Interactive prototype validated,Not Started
4. UI/UX & Visualization,Frontend development setup,Q2,21,21,1,10,Frontend Engineer,Critical,Week 20,React project and design system setup,Not Started
4. UI/UX & Visualization,Dashboard development - Manager view,Q2,22,23,2,11,Frontend Engineer,Critical,Week 21,Manager dashboard 80% complete,Not Started
4. UI/UX & Visualization,Dashboard development - Executive view,Q2,24,25,2,12,Frontend Engineer,Critical,Week 23,Executive dashboard built,Not Started
4. UI/UX & Visualization,Responsive design & mobile optimization,Q2,26,26,1,13,Frontend Engineer,High,Week 25,Tablet and mobile layouts optimized,Not Started
4. UI/UX & Visualization,Accessibility & polish,Q3,27,27,1,13,Frontend Engineer,Medium,Week 26,WCAG 2.1 AA compliant,Not Started
5. Communication & Alerts,Notification requirements & design,Q2,20,20,1,10,Backend Engineer,High,,Alert types and priorities defined,Not Started
5. Communication & Alerts,Email notification system,Q2,21,21,1,10,Backend Engineer,High,Week 20,SendGrid/SES email templates working,Not Started
5. Communication & Alerts,SMS notification system,Q2,22,22,1,11,Backend Engineer,High,Week 21,Twilio SMS alerts operational,Not Started
5. Communication & Alerts,Push notification system,Q2,23,23,1,11,Backend Engineer,Medium,Week 22,Web/mobile push notifications setup,Not Started
5. Communication & Alerts,Alert rule engine,Q2,24,24,1,12,Backend Engineer,High,Week 23,Configurable alert thresholds,Not Started
5. Communication & Alerts,In-app notification center,Q3,28,28,1,14,Frontend Engineer,Medium,Week 24,Notification inbox UI built,Not Started
5. Communication & Alerts,Automated report generation,Q3,29,30,2,14-15,Backend Engineer,High,Week 28,Weekly/monthly reports automated,Not Started
5. Communication & Alerts,Integrations (Slack/Teams),Q2,25,25,1,12,Backend Engineer,Low,Week 24,Slack bot and Teams connector,Not Started
6. Analytics & ROI,Analytics requirements & KPI definition,Q3,27,27,1,13,Product Manager,Critical,,Success metrics documented,Not Started
6. Analytics & ROI,Performance tracking database design,Q3,28,28,1,14,Data Engineer,Critical,Week 27,Analytics data model designed,Not Started
6. Analytics & ROI,A/B testing framework,Q3,29,30,2,14-15,Backend Engineer,Critical,Week 28,AI vs Legacy comparison system,Not Started
6. Analytics & ROI,ROI calculation engine,Q3,31,31,1,15,Backend Engineer,Critical,Week 30,Revenue impact calculator built,Not Started
6. Analytics & ROI,Store benchmarking system,Q3,32,33,2,16,Backend Engineer,High,Week 31,Store comparison dashboard,Not Started
6. Analytics & ROI,Conversion rate analytics,Q3,34,34,1,17,Backend Engineer,High,Week 33,STA ratio impact analysis,Not Started
6. Analytics & ROI,Forecast accuracy dashboard,Q3,35,35,1,17,Frontend Engineer,High,Week 34,MAPE tracking visualization,Not Started
6. Analytics & ROI,Custom report builder,Q4,40,42,3,20-21,Frontend Engineer,Medium,Week 35,Drag-and-drop report designer,Not Started
6. Analytics & ROI,Executive KPI dashboard,Q3,36,37,2,18,Frontend Engineer,Critical,Week 35,Real-time KPI cards operational,Not Started
6. Analytics & ROI,Data visualization library,Q3,38,39,2,19,Frontend Engineer,Medium,Week 37,Reusable chart components,Not Started
6. Analytics & ROI,Predictive ROI modeling,Q4,43,44,2,21-22,ML Engineer,Low,Week 42,Future revenue forecasting,Not Started
6. Analytics & ROI,Advanced visualizations & exports,Q4,45,46,2,22-23,Frontend Engineer,Low,Week 44,Excel/PDF export working,Not Started
7. Adoption & Training,Training needs assessment,Q3,27,27,1,13,Training Specialist,High,,Learning objectives defined per role,Not Started
7. Adoption & Training,Video training content production,Q3,28,29,2,14,Training Specialist,High,Week 27,5-10 training videos published,Not Started
7. Adoption & Training,Interactive training modules,Q3,30,30,1,15,Frontend Engineer,Medium,Week 29,In-app tutorials and walkthroughs,Not Started
7. Adoption & Training,Documentation & help center,Q3,31,32,2,15-16,Training Specialist,High,Week 30,User guides and FAQ published,Not Started
7. Adoption & Training,Onboarding flow design,Q3,33,33,1,16,Frontend Engineer,High,Week 32,New user wizard implemented,Not Started
7. Adoption & Training,Adoption tracking system,Q3,34,34,1,17,Backend Engineer,High,Week 33,Feature usage metrics tracked,Not Started
7. Adoption & Training,Gamification & incentives,Q3,35,35,1,17,Backend Engineer,Low,Week 34,Leaderboard and badges system,Not Started
7. Adoption & Training,Change management resources,Q3,36,36,1,18,Training Specialist,Medium,Week 35,Communication templates and guides,Not Started
8. Infrastructure & Security,Cloud infrastructure setup,Q1,1,1,1,1,DevOps Engineer,Critical,,AWS/Azure account and VPC configured,Not Started
8. Infrastructure & Security,Database infrastructure,Q1,2,2,1,1,DevOps Engineer,Critical,Week 1,PostgreSQL RDS and Redis deployed,Not Started
8. Infrastructure & Security,API architecture design,Q1,3,3,1,2,Backend Engineer,Critical,Week 2,RESTful API structure documented,Not Started
8. Infrastructure & Security,API development - Authentication,Q1,4,5,2,2-3,Backend Engineer,Critical,Week 3,JWT auth and SSO implemented,Not Started
8. Infrastructure & Security,API development - Core endpoints,Q1,6,8,3,3-4,Backend Engineer,Critical,Week 5,Forecast and scheduling APIs built,Not Started
8. Infrastructure & Security,CI/CD pipeline setup,Q1,9,9,1,5,DevOps Engineer,High,Week 1,GitHub Actions automated deployments,Not Started
8. Infrastructure & Security,Monitoring & logging,Q1,10,10,1,5,DevOps Engineer,High,Week 9,Datadog/Sentry monitoring live,Not Started
8. Infrastructure & Security,Security hardening,Q1,11,12,2,6,DevOps Engineer,Critical,Week 10,Encryption and WAF configured,Not Started
8. Infrastructure & Security,Disaster recovery & backups,Q1,13,13,1,6,DevOps Engineer,High,Week 12,Automated backups and DR plan,Not Started
8. Infrastructure & Security,Performance optimization,Q4,40,41,2,20,DevOps Engineer,High,Week 13,API rate limiting and CDN setup,Not Started
8. Infrastructure & Security,Load testing & scaling,Q4,42,43,2,21,DevOps Engineer,High,Week 41,System scaled to 100+ stores,Not Started
8. Infrastructure & Security,Security audit & penetration testing,Q4,44,46,3,22-23,DevOps Engineer,Critical,Week 43,Security certification passed,Not Started
8. Infrastructure & Security,Database optimization,Q4,47,47,1,23,DevOps Engineer,Medium,Week 46,Query performance optimized,Not Started
Milestone,M1: Data Connected - Foundation Complete,Q1,13,13,1,6,Product Manager,Critical,All Q1 tasks,Data flowing; 90% forecast accuracy; API operational,Not Started
Milestone,M2: Alpha Release - Core Product Complete,Q2,26,26,1,13,Product Manager,Critical,All Q2 tasks,Dashboard live; auto-scheduling working; 5 pilot stores,Not Started
Milestone,M3: Beta Release - Intelligence & Proof,Q3,39,39,1,19,Product Manager,Critical,All Q3 tasks,ROI proven; 80% adoption; 20 beta stores,Not Started
Milestone,M4: GA Launch - Production Release,Q4,52,52,1,26,Product Manager,Critical,All Q4 tasks,100+ stores; 90% adoption; full production,Not Started
