Phase,Task Group,Quarter,Start Week,End Week,Duration (weeks),Key Deliverables,Owner Team,Status
1. Data & Integration,Data Foundation Setup,Q1,1,6,6,"All data sources connected (POS, traffic sensors, HRIS, weather/events)",Data Engineering,Not Started
1. Data & Integration,Pipeline Development & Quality,Q1,7,11,5,"Real-time data streaming, ETL automation, data warehouse operational",Data Engineering,Not Started
1. Data & Integration,Integration Testing & Security,Q1,12,13,2,"End-to-end validation, RBAC and audit logging implemented",Data Engineering,Not Started
1. Data & Integration,Advanced Data Features,Q4,40,44,5,"Additional data sources, ML-based quality monitoring, GDPR compliance",Data Engineering,Not Started
2. Forecasting & Intelligence,Historical Analysis & Baseline Models,Q1,1,3,3,"2-year pattern analysis, feature engineering, baseline forecasts",ML Engineering,Not Started
2. Forecasting & Intelligence,Core ML Models Development,Q1,4,8,5,"XGBoost model trained, conversion lift model calibrated (90% accuracy target)",ML Engineering,Not Started
2. Forecasting & Intelligence,Advanced Models & Ensemble,Q2,14,18,5,"LSTM time series model, XGBoost+LSTM ensemble optimized",ML Engineering,Not Started
2. Forecasting & Intelligence,Production Deployment & Monitoring,Q2,19,22,4,"Models containerized, drift detection, accuracy tracking live",ML Engineering,Not Started
2. Forecasting & Intelligence,Store-Specific Optimization,Q2,23,26,4,"Per-store model calibration for 5 pilot stores",ML Engineering,Not Started
2. Forecasting & Intelligence,Advanced Intelligence Features,Q4,40,49,10,"Reinforcement learning, anomaly detection, what-if scenario modeling",ML Engineering,Not Started
3. Staffing & Scheduling,Requirements & Data Model,Q2,14,15,2,"Scheduling constraints documented, employee database schema designed",Backend Engineering,Not Started
3. Staffing & Scheduling,Auto-Scheduling Algorithm Core,Q2,16,20,5,"Schedule generator with labor law compliance and optimization",Backend Engineering,Not Started
3. Staffing & Scheduling,Scheduling UI & Workflows,Q2,21,25,5,"Drag-and-drop editor, approval workflow, employee portal, schedule publishing",Backend/Frontend Engineering,Not Started
3. Staffing & Scheduling,Testing & Refinement,Q2,26,26,1,"UAT with 5 pilot store managers complete",QA/Product,Not Started
3. Staffing & Scheduling,Advanced Scheduling Features,Q3,27,35,9,"Shift marketplace, mobile access, payroll integration, analytics",Backend/Frontend Engineering,Not Started
4. UI/UX & Visualization,Design Phase,Q2,14,20,7,"User research, design system, high-fidelity mockups, prototype validated",UX Design,Not Started
4. UI/UX & Visualization,Frontend Development,Q2,21,26,6,"Manager and Executive dashboards built, responsive design optimized",Frontend Engineering,Not Started
4. UI/UX & Visualization,Accessibility & Polish,Q3,27,27,1,"WCAG 2.1 AA compliant, final design polish",Frontend Engineering,Not Started
5. Communication & Alerts,Notification System Setup,Q2,20,24,5,"Email, SMS, push notifications operational with configurable alert rules",Backend Engineering,Not Started
5. Communication & Alerts,Advanced Communication Features,Q3,25,30,6,"In-app notification center, automated reports, Slack/Teams integration",Backend/Frontend Engineering,Not Started
6. Analytics & ROI,Analytics Foundation,Q3,27,28,2,"KPI definitions, analytics data model, performance tracking database",Product/Data Engineering,Not Started
6. Analytics & ROI,Core Analytics & Testing,Q3,29,34,6,"A/B testing framework, ROI calculator, store benchmarking, CR analytics",Backend Engineering,Not Started
6. Analytics & ROI,Executive Dashboards,Q3,35,39,5,"MAPE tracking, KPI cards, visualization library",Frontend Engineering,Not Started
6. Analytics & ROI,Advanced Analytics Features,Q4,40,46,7,"Custom report builder, predictive ROI modeling, Excel/PDF exports",Backend/Frontend Engineering,Not Started
7. Adoption & Training,Training Content Creation,Q3,27,32,6,"Training videos, documentation, help center, tutorials published",Training/Product,Not Started
7. Adoption & Training,Implementation & Tracking,Q3,33,36,4,"Onboarding wizard, adoption tracking, gamification, change management resources",Backend/Frontend/Training,Not Started
8. Infrastructure & Security,Foundation Setup,Q1,1,3,3,"Cloud infrastructure, database, API architecture designed",DevOps/Backend Engineering,Not Started
8. Infrastructure & Security,Core Services Development,Q1,4,10,7,"Authentication (JWT/SSO), core APIs, CI/CD pipeline, monitoring live",Backend/DevOps Engineering,Not Started
8. Infrastructure & Security,Security Hardening & DR,Q1,11,13,3,"Encryption, WAF, automated backups, disaster recovery plan",DevOps Engineering,Not Started
8. Infrastructure & Security,Production Optimization,Q4,40,47,8,"Performance tuning, load testing, security audit, database optimization",DevOps Engineering,Not Started
Milestone,M1: Data Connected - Foundation Complete,Q1,13,13,1,"Data flowing; 90% forecast accuracy; API operational",All Teams,Not Started
Milestone,M2: Alpha Release - Core Product Complete,Q2,26,26,1,"Dashboard live; auto-scheduling working; 5 pilot stores onboarded",All Teams,Not Started
Milestone,M3: Beta Release - Intelligence & Proof,Q3,39,39,1,"ROI proven; 80% adoption in pilot stores; 20 beta stores",All Teams,Not Started
Milestone,M4: GA Launch - Production Release,Q4,52,52,1,"100+ stores ready; 90% adoption target; full production launch",All Teams,Not Started
